Region,EN.ATM.PM25.MC.ZS,EN.POP.DNST,IS.AIR.PSGR,NE.TRD.GNFS.ZS,NY.GDP.PCAP.PP.CD,SH.DTH.COMM.ZS,SH.DTH.NCOM.ZS,SH.DYN.NCOM.ZS,SH.STA.BASS.ZS,SH.TBS.CURE.ZS,SH.TBS.DTEC.ZS,SH.TBS.INCD,SH.XPD.CHEX.PP.CD,SH.XPD.OOPC.CH.ZS,SL.TLF.CACT.ZS,SM.POP.TOTL,SP.DYN.AMRT.FE,SP.DYN.AMRT.MA,SP.DYN.CDRT.IN,SP.DYN.LE00.IN,SP.DYN.TO65.FE.ZS,SP.DYN.TO65.MA.ZS,SP.POP.1564.TO.ZS,SP.POP.65UP.TO.ZS,SP.POP.TOTL,SP.URB.TOTL.IN.ZS,ST.INT.ARVL
Afghanistan,100,51.67492877,1929907,55.1255266,1924.559715,40.6,44.8,29.8,39.22043325,88,56,189,183.9278576,78.38229648,65.26899719,382365,206.746,248.724,6.924,63.288,65.91763,59.86299,52.97487641,2.493139921,33736494,24.803,741000
Albania,100,105.135146,3496190,71.8010161,11662.04493,2.9,93.1,17.4,97.69065534,87,87,16,758.2315307,56.68625032,56.45100021,57616,51.035,79.984,7.217,78.174,90.62333,85.38936,69.43642093,12.53670444,2880703,57.434,3784000
Algeria,100,16.740504,5400896,59.69512912,14657.78289,15.3,75,14.4,87.48768636,90,80,74,1020.546414,28.20843254,41.4620018,242391,84.44,107.191,4.773,75.86,85.06557,81.0472,65.47719967,5.869785076,39871528,70.848,1710000
Andorra,90.84806274,165.987234,1489035,115.9148262,18389.7421,2.3,90.8,24.5,100,100,87,5.9,5097.379868,42.38849053,64.27300262,42082,82.36,245.384,12.6,73.62439024,85.48163,60.41797,69.52872154,14.3353435,78014,88.345,2663000
Angola,100,22.3464386,1244491,62.88852078,7102.987587,63.4,27.2,16.9,39.42942284,85,58,366,195.7573466,33.52316573,77.84799957,106845,206.219,279.712,8.683,61.241,65.38931,55.42365,50.61338393,2.306313815,27859305,63.446,592000
Antigua and Barbuda,100,227.0977273,1039810,93.62954254,21427.17732,12.6,81.1,22.6,87.50428238,50,87,4.4,1012.121609,25.79987354,66.43199921,28083,106.995,153.01,5.794,76.207,84.7282,78.12162,68.85802068,6.583068963,99923,25,250000
Argentina,98.02192869,15.8650651,14245183,22.48622609,20416.54818,15.5,78.1,16.1,94.83988146,47,87,25,1808.946147,13.54572906,60.15000153,2086302,74.547,152.354,7.57,76.415,87.49357,76.19645,63.87776064,10.92630171,43417765,91.503,5736000
Armenia,100,102.4569723,1803112,71.59326535,8753.124458,3.1,92.9,23,91.58276665,79,80,50,883.0218072,81.62987756,59.79100037,191199,75.161,175.814,9.694,74.445,86.35999,71.88195,69.24619894,10.90923739,2916950,63.085,1192000
Australia Australian Capital Territory,26.04666675,3.100112596,69779346,41.54738733,46185.08534,4.4,89.6,9.3,100,73,87,6.1,4423.480424,18.9466257,65.04100037,6763663,54.153,84.738,6.6,82.4,93.36879,89.1856,66.18770535,14.9770273,23815995,85.701,7450000
Australia New South Wales,26.04666675,3.100112596,69779346,41.54738733,46185.08534,4.4,89.6,9.3,100,73,87,6.1,4423.480424,18.9466257,65.04100037,6763663,54.153,84.738,6.6,82.4,93.36879,89.1856,66.18770535,14.9770273,23815995,85.701,7450000
Australia Northern Territory,26.04666675,3.100112596,69779346,41.54738733,46185.08534,4.4,89.6,9.3,100,73,87,6.1,4423.480424,18.9466257,65.04100037,6763663,54.153,84.738,6.6,82.4,93.36879,89.1856,66.18770535,14.9770273,23815995,85.701,7450000
Australia Queensland,26.04666675,3.100112596,69779346,41.54738733,46185.08534,4.4,89.6,9.3,100,73,87,6.1,4423.480424,18.9466257,65.04100037,6763663,54.153,84.738,6.6,82.4,93.36879,89.1856,66.18770535,14.9770273,23815995,85.701,7450000
Australia South Australia,26.04666675,3.100112596,69779346,41.54738733,46185.08534,4.4,89.6,9.3,100,73,87,6.1,4423.480424,18.9466257,65.04100037,6763663,54.153,84.738,6.6,82.4,93.36879,89.1856,66.18770535,14.9770273,23815995,85.701,7450000
Australia Tasmania,26.04666675,3.100112596,69779346,41.54738733,46185.08534,4.4,89.6,9.3,100,73,87,6.1,4423.480424,18.9466257,65.04100037,6763663,54.153,84.738,6.6,82.4,93.36879,89.1856,66.18770535,14.9770273,23815995,85.701,7450000
Australia Victoria,26.04666675,3.100112596,69779346,41.54738733,46185.08534,4.4,89.6,9.3,100,73,87,6.1,4423.480424,18.9466257,65.04100037,6763663,54.153,84.738,6.6,82.4,93.36879,89.1856,66.18770535,14.9770273,23815995,85.701,7450000
Australia Western Australia,26.04666675,3.100112596,69779346,41.54738733,46185.08534,4.4,89.6,9.3,100,73,87,6.1,4423.480424,18.9466257,65.04100037,6763663,54.153,84.738,6.6,82.4,93.36879,89.1856,66.18770535,14.9770273,23815995,85.701,7450000
Austria,91.47446535,104.7307927,14718641,102.4300547,49877.71331,2.4,92.2,11.5,99.97337503,73,87,7.5,5194.065652,19.00804959,60.09999847,1492374,44.687,84.688,9.6,81.1902439,92.78527,86.00514,67.03955462,18.84048419,8642699,57.715,26728000
Azerbaijan,100,116.7310795,1803112,72.60150791,17834.11605,9.1,86.2,22.5,89.34908083,83,80,71,1220.147713,77.99325565,65.51499939,264241,85.616,174.18,5.7,71.921,83.27203,70.85147,71.35140542,5.738111964,9649341,54.714,1922000
Bahamas,100,38.64515485,900028,73.68706698,30338.3505,15.7,74.6,15.6,92.01119677,82,87,18,1344.115541,26.89450223,74.68499756,59306,118.763,198.415,6.256,75.527,83.33812,73.1986,71.01474002,8.306060935,386838,82.746,1484000
Bahrain,100,1763.309699,5313756,154.0673928,46912.76317,7,82.9,11.7,100,88,87,15,2326.821277,25.84038665,71.64099884,704137,58.897,74.471,2.348,76.761,88.61117,85.93321,76.82597651,2.324371016,1371855,88.999,9670000
Bangladesh,100,1238.387386,3997815,42.08599631,3345.531421,27,65.4,21.7,46.92459323,93,58,221,88.04646301,71.81633672,56.47600174,1422805,109.465,150.041,5.312,72.155,78.63568,72.53321,65.54002873,5.038168959,161200886,34.308,1865000
Barbados,100,660.9697674,4448883,79.00046901,17579.17813,12.9,82.8,16.3,96.45610169,53,87,0,1258.899827,45.22794233,65.66999817,34475,74.168,124.019,10.661,75.755,87.59658,79.37095,66.47033781,14.16382553,284217,31.249,592000
Belarus,100,46.75194176,1489035,115.9148262,18389.7421,2.3,90.8,24.5,94.25397986,89,80,50,1113.258805,36.20292948,64.27300262,1082905,82.36,245.384,12.6,73.62439024,85.48163,60.41797,69.52872154,14.3353435,9489616,77.181,4385600
Belgium,95.10434538,372.3314399,11473055,160.1720103,45582.09769,7.8,85.9,11.6,99.48606061,79,87,9.5,4604.543954,16.45771346,53.44499969,1387940,53.933,89.305,9.8,80.99268293,91.31412,85.51732,64.85353395,18.1423094,11274196,97.876,8355000
Belize,100,15.75133713,935604,122.3304113,8558.204664,19.1,67.3,22.4,87.1572023,67,87,25,515.5392568,23.42412464,66.43199921,53860,128.639,220.346,5.523,70.192,79.58245,67.02989,63.78337156,3.762441273,359288,45.406,341000
Benin,100,93.79169918,112392,58.79788478,2122.235401,54.8,35.1,19.7,13.93011225,88,63,60,84.47116607,40.49658741,71.01399994,245399,219.592,266.315,9.319,60.639,62.83819,57.01434,53.73519093,3.227718885,10575952,45.695,255000
Bhutan,100,20.65708241,162864,96.41821166,8273.414837,21.1,68.2,23.7,62.87050065,92,80,153,287.3170207,19.79465735,66.60600281,51106,209.353,206.653,6.043,69.817,68.86108,69.40503,67.90265511,4.679534561,787386,38.678,155000
Bolivia,99.9997323,9.900032309,4115271,67.93284494,6975.556982,23.1,63.8,17.4,52.61402673,84,62,117,446.6858994,25.87488943,67.04599762,142989,152.314,216.726,7.353,68.756,73.22087,65.67491,61.08929803,6.465464551,10724705,68.393,882000
Bosnia and Herzegovina,100,69.06173828,7071,88.08738013,11650.479,1.8,94.4,18.2,94.78209924,65,80,39,1077.502171,28.81612434,46.73899841,34803,64.788,127.346,10.886,76.735,88.63385,79.4999,69.80520996,15.71705683,3535961,47.173,678000
Brazil,74.92775153,24.64209836,102039359,26.95362594,15699.44289,13.8,74,17,86.14835205,71,87,42,1788.717885,44.6772881,64.09899902,713568,95.103,193.622,6.092,75.284,84.70549,72.6323,69.52929759,7.960422992,205962108,85.77,6306000
Brunei,0,79.22998102,1150003,84.89706379,79671.76781,8,84.4,17,96.33040522,74,87,58,1896.281203,4.97357672,65.78399658,102733,73.057,103.129,3.512,77.046,88.06858,83.38042,72.2382419,4.095156894,417542,76.663,218000
Bulgaria,99.96623179,66.120035,1063498,128.0610148,18186.48636,2.3,95.2,23.8,85.98111231,84,80,28,1481.014609,47.66826791,54.18000031,102113,85.92,234.554,15.3,74.61463415,86.70101,71.44754,65.91702617,20.07647342,7177991,73.99,7099000
Burkina Faso,100,66.19380117,122590,47.94790441,1704.85949,57.3,32,21.9,22.53208118,78,60,52,99.02623501,36.02974972,66.72499847,704676,242.487,273.429,8.818,59.927,60.50189,56.27351,52.01818557,2.407873964,18110624,27.53,163000
Cabo Verde,100,132.2364764,548908,104.066089,6317.255214,19.8,69.8,17.4,65.20696389,89,36,139,339.5523941,24.01657599,68.36399841,14924,102.445,147.853,5.606,72.599,82.47511,74.83834,64.36210038,4.471273923,532913,64.3,520000
Cambodia,100,87.90865058,1103880,127.864067,3514.683945,26.7,63.2,21.3,48.82544927,94,62,368,217.0747341,57.33106461,81.04699707,73963,142.84,208.468,6.109,68.62,75.91494,66.75045,64.27852569,4.119313285,15517635,22.188,4775000
Cameroon,100,48.30556155,267208,49.869207,3512.66769,54.8,34,21.8,38.83498513,84,54,212,164.5964636,69.74412434,76.33200073,381984,324.623,355.63,10.348,57.582,54.03842,49.75066,53.80151159,3.161892331,22834522,54.578,897000
Canada Alberta,0.725554042,3.940449068,80228302,65.75532511,44406.66587,5.5,88.4,10,98.5,84,87,5.2,4617.734333,14.4654391,65.54199982,7835502,54.153,84.738,7.4,81.9,92.06331,88.14307,67.87437417,16.14769955,35832513,81.259,17971000
Canada British Columbia,0.725554042,3.940449068,80228302,65.75532511,44406.66587,5.5,88.4,10,98.5,84,87,5.2,4617.734333,14.4654391,65.54199982,7835502,54.153,84.738,7.4,81.9,92.06331,88.14307,67.87437417,16.14769955,35832513,81.259,17971000
Canada Manitoba,0.725554042,3.940449068,80228302,65.75532511,44406.66587,5.5,88.4,10,98.5,84,87,5.2,4617.734333,14.4654391,65.54199982,7835502,54.153,84.738,7.4,81.9,92.06331,88.14307,67.87437417,16.14769955,35832513,81.259,17971000
Canada New Brunswick,0.725554042,3.940449068,80228302,65.75532511,44406.66587,5.5,88.4,10,98.5,84,87,5.2,4617.734333,14.4654391,65.54199982,7835502,54.153,84.738,7.4,81.9,92.06331,88.14307,67.87437417,16.14769955,35832513,81.259,17971000
Canada Newfoundland and Labrador,0.725554042,3.940449068,80228302,65.75532511,44406.66587,5.5,88.4,10,98.5,84,87,5.2,4617.734333,14.4654391,65.54199982,7835502,54.153,84.738,7.4,81.9,92.06331,88.14307,67.87437417,16.14769955,35832513,81.259,17971000
Canada Nova Scotia,0.725554042,3.940449068,80228302,65.75532511,44406.66587,5.5,88.4,10,98.5,84,87,5.2,4617.734333,14.4654391,65.54199982,7835502,54.153,84.738,7.4,81.9,92.06331,88.14307,67.87437417,16.14769955,35832513,81.259,17971000
Canada Ontario,0.725554042,3.940449068,80228302,65.75532511,44406.66587,5.5,88.4,10,98.5,84,87,5.2,4617.734333,14.4654391,65.54199982,7835502,54.153,84.738,7.4,81.9,92.06331,88.14307,67.87437417,16.14769955,35832513,81.259,17971000
Canada Prince Edward Island,0.725554042,3.940449068,80228302,65.75532511,44406.66587,5.5,88.4,10,98.5,84,87,5.2,4617.734333,14.4654391,65.54199982,7835502,54.153,84.738,7.4,81.9,92.06331,88.14307,67.87437417,16.14769955,35832513,81.259,17971000
Canada Quebec,0.725554042,3.940449068,80228302,65.75532511,44406.66587,5.5,88.4,10,98.5,84,87,5.2,4617.734333,14.4654391,65.54199982,7835502,54.153,84.738,7.4,81.9,92.06331,88.14307,67.87437417,16.14769955,35832513,81.259,17971000
Canada Saskatchewan,0.725554042,3.940449068,80228302,65.75532511,44406.66587,5.5,88.4,10,98.5,84,87,5.2,4617.734333,14.4654391,65.54199982,7835502,54.153,84.738,7.4,81.9,92.06331,88.14307,67.87437417,16.14769955,35832513,81.259,17971000
Central African Republic,100,7.297345019,642893,47.19062219,663.82653,64.7,26.2,23.7,25.08699975,78,59,391,42.08366354,29.98105893,72.35199738,81598,395.429,426.72,14.008,51.41,45.32778,39.96351,52.62176371,3.659884296,4546100,40.277,120500
Chad,100,11.12564565,41812,66.56416435,2207.630748,63.7,26.7,24.1,9.548387843,77,54,152,99.64996053,56.44644876,71.27400208,516968,341.536,384.798,13.217,52.575,48.75391,43.79587,49.95766061,2.462637086,14009413,22.515,120000
Chile,98.57629893,23.88959756,15006762,58.95284382,22959.55434,7.5,85,12.5,99.8882097,62,87,17,1891.212772,34.50925787,62.26499939,469436,67.179,110.554,6.066,79.315,88.70764,82.78588,68.7424663,10.41924358,17762681,87.36,4478000
China Anhui,99.99995516,146.0576422,436183969,39.45306552,14492.42447,3.9,89,17.4,75.03727856,94,87,66,703.4950973,35.08928609,69.89399719,978046,68.052,93.429,7.11,76.092,87.55389,83.30372,72.63826196,9.676144679,1371220000,55.5,56886000
China Beijing,99.99995516,146.0576422,436183969,39.45306552,14492.42447,3.9,89,17.4,75.03727856,94,87,66,703.4950973,35.08928609,69.89399719,978046,68.052,93.429,7.11,76.092,87.55389,83.30372,72.63826196,9.676144679,1371220000,55.5,56886000
China Chongqing,99.99995516,146.0576422,436183969,39.45306552,14492.42447,3.9,89,17.4,75.03727856,94,87,66,703.4950973,35.08928609,69.89399719,978046,68.052,93.429,7.11,76.092,87.55389,83.30372,72.63826196,9.676144679,1371220000,55.5,56886000
China Fujian,99.99995516,146.0576422,436183969,39.45306552,14492.42447,3.9,89,17.4,75.03727856,94,87,66,703.4950973,35.08928609,69.89399719,978046,68.052,93.429,7.11,76.092,87.55389,83.30372,72.63826196,9.676144679,1371220000,55.5,56886000
China Gansu,99.99995516,146.0576422,436183969,39.45306552,14492.42447,3.9,89,17.4,75.03727856,94,87,66,703.4950973,35.08928609,69.89399719,978046,68.052,93.429,7.11,76.092,87.55389,83.30372,72.63826196,9.676144679,1371220000,55.5,56886000
China Guangdong,99.99995516,146.0576422,436183969,39.45306552,14492.42447,3.9,89,17.4,75.03727856,94,87,66,703.4950973,35.08928609,69.89399719,978046,68.052,93.429,7.11,76.092,87.55389,83.30372,72.63826196,9.676144679,1371220000,55.5,56886000
China Guangxi,99.99995516,146.0576422,436183969,39.45306552,14492.42447,3.9,89,17.4,75.03727856,94,87,66,703.4950973,35.08928609,69.89399719,978046,68.052,93.429,7.11,76.092,87.55389,83.30372,72.63826196,9.676144679,1371220000,55.5,56886000
China Guizhou,99.99995516,146.0576422,436183969,39.45306552,14492.42447,3.9,89,17.4,75.03727856,94,87,66,703.4950973,35.08928609,69.89399719,978046,68.052,93.429,7.11,76.092,87.55389,83.30372,72.63826196,9.676144679,1371220000,55.5,56886000
China Hainan,99.99995516,146.0576422,436183969,39.45306552,14492.42447,3.9,89,17.4,75.03727856,94,87,66,703.4950973,35.08928609,69.89399719,978046,68.052,93.429,7.11,76.092,87.55389,83.30372,72.63826196,9.676144679,1371220000,55.5,56886000
China Hebei,99.99995516,146.0576422,436183969,39.45306552,14492.42447,3.9,89,17.4,75.03727856,94,87,66,703.4950973,35.08928609,69.89399719,978046,68.052,93.429,7.11,76.092,87.55389,83.30372,72.63826196,9.676144679,1371220000,55.5,56886000
China Heilongjiang,99.99995516,146.0576422,436183969,39.45306552,14492.42447,3.9,89,17.4,75.03727856,94,87,66,703.4950973,35.08928609,69.89399719,978046,68.052,93.429,7.11,76.092,87.55389,83.30372,72.63826196,9.676144679,1371220000,55.5,56886000
China Henan,99.99995516,146.0576422,436183969,39.45306552,14492.42447,3.9,89,17.4,75.03727856,94,87,66,703.4950973,35.08928609,69.89399719,978046,68.052,93.429,7.11,76.092,87.55389,83.30372,72.63826196,9.676144679,1371220000,55.5,56886000
China Hong Kong,99.99995516,146.0576422,436183969,39.45306552,14492.42447,3.9,89,17.4,75.03727856,94,87,66,703.4950973,35.08928609,69.89399719,978046,68.052,93.429,7.11,76.092,87.55389,83.30372,72.63826196,9.676144679,1371220000,55.5,56886000
China Hubei,99.99995516,146.0576422,436183969,39.45306552,14492.42447,3.9,89,17.4,75.03727856,94,87,66,703.4950973,35.08928609,69.89399719,978046,68.052,93.429,7.11,76.092,87.55389,83.30372,72.63826196,9.676144679,1371220000,55.5,56886000
China Hunan,99.99995516,146.0576422,436183969,39.45306552,14492.42447,3.9,89,17.4,75.03727856,94,87,66,703.4950973,35.08928609,69.89399719,978046,68.052,93.429,7.11,76.092,87.55389,83.30372,72.63826196,9.676144679,1371220000,55.5,56886000
China Inner Mongolia,99.99995516,146.0576422,436183969,39.45306552,14492.42447,3.9,89,17.4,75.03727856,94,87,66,703.4950973,35.08928609,69.89399719,978046,68.052,93.429,7.11,76.092,87.55389,83.30372,72.63826196,9.676144679,1371220000,55.5,56886000
China Jiangsu,99.99995516,146.0576422,436183969,39.45306552,14492.42447,3.9,89,17.4,75.03727856,94,87,66,703.4950973,35.08928609,69.89399719,978046,68.052,93.429,7.11,76.092,87.55389,83.30372,72.63826196,9.676144679,1371220000,55.5,56886000
China Jiangxi,99.99995516,146.0576422,436183969,39.45306552,14492.42447,3.9,89,17.4,75.03727856,94,87,66,703.4950973,35.08928609,69.89399719,978046,68.052,93.429,7.11,76.092,87.55389,83.30372,72.63826196,9.676144679,1371220000,55.5,56886000
China Jilin,99.99995516,146.0576422,436183969,39.45306552,14492.42447,3.9,89,17.4,75.03727856,94,87,66,703.4950973,35.08928609,69.89399719,978046,68.052,93.429,7.11,76.092,87.55389,83.30372,72.63826196,9.676144679,1371220000,55.5,56886000
China Liaoning,99.99995516,146.0576422,436183969,39.45306552,14492.42447,3.9,89,17.4,75.03727856,94,87,66,703.4950973,35.08928609,69.89399719,978046,68.052,93.429,7.11,76.092,87.55389,83.30372,72.63826196,9.676144679,1371220000,55.5,56886000
China Macau,99.99995516,146.0576422,436183969,39.45306552,14492.42447,3.9,89,17.4,75.03727856,94,87,66,703.4950973,35.08928609,69.89399719,978046,68.052,93.429,7.11,76.092,87.55389,83.30372,72.63826196,9.676144679,1371220000,55.5,56886000
China Ningxia,99.99995516,146.0576422,436183969,39.45306552,14492.42447,3.9,89,17.4,75.03727856,94,87,66,703.4950973,35.08928609,69.89399719,978046,68.052,93.429,7.11,76.092,87.55389,83.30372,72.63826196,9.676144679,1371220000,55.5,56886000
China Qinghai,99.99995516,146.0576422,436183969,39.45306552,14492.42447,3.9,89,17.4,75.03727856,94,87,66,703.4950973,35.08928609,69.89399719,978046,68.052,93.429,7.11,76.092,87.55389,83.30372,72.63826196,9.676144679,1371220000,55.5,56886000
China Shaanxi,99.99995516,146.0576422,436183969,39.45306552,14492.42447,3.9,89,17.4,75.03727856,94,87,66,703.4950973,35.08928609,69.89399719,978046,68.052,93.429,7.11,76.092,87.55389,83.30372,72.63826196,9.676144679,1371220000,55.5,56886000
China Shandong,99.99995516,146.0576422,436183969,39.45306552,14492.42447,3.9,89,17.4,75.03727856,94,87,66,703.4950973,35.08928609,69.89399719,978046,68.052,93.429,7.11,76.092,87.55389,83.30372,72.63826196,9.676144679,1371220000,55.5,56886000
China Shanghai,99.99995516,146.0576422,436183969,39.45306552,14492.42447,3.9,89,17.4,75.03727856,94,87,66,703.4950973,35.08928609,69.89399719,978046,68.052,93.429,7.11,76.092,87.55389,83.30372,72.63826196,9.676144679,1371220000,55.5,56886000
China Shanxi,99.99995516,146.0576422,436183969,39.45306552,14492.42447,3.9,89,17.4,75.03727856,94,87,66,703.4950973,35.08928609,69.89399719,978046,68.052,93.429,7.11,76.092,87.55389,83.30372,72.63826196,9.676144679,1371220000,55.5,56886000
China Sichuan,99.99995516,146.0576422,436183969,39.45306552,14492.42447,3.9,89,17.4,75.03727856,94,87,66,703.4950973,35.08928609,69.89399719,978046,68.052,93.429,7.11,76.092,87.55389,83.30372,72.63826196,9.676144679,1371220000,55.5,56886000
China Tianjin,99.99995516,146.0576422,436183969,39.45306552,14492.42447,3.9,89,17.4,75.03727856,94,87,66,703.4950973,35.08928609,69.89399719,978046,68.052,93.429,7.11,76.092,87.55389,83.30372,72.63826196,9.676144679,1371220000,55.5,56886000
China Tibet,99.99995516,146.0576422,436183969,39.45306552,14492.42447,3.9,89,17.4,75.03727856,94,87,66,703.4950973,35.08928609,69.89399719,978046,68.052,93.429,7.11,76.092,87.55389,83.30372,72.63826196,9.676144679,1371220000,55.5,56886000
China Xinjiang,99.99995516,146.0576422,436183969,39.45306552,14492.42447,3.9,89,17.4,75.03727856,94,87,66,703.4950973,35.08928609,69.89399719,978046,68.052,93.429,7.11,76.092,87.55389,83.30372,72.63826196,9.676144679,1371220000,55.5,56886000
China Yunnan,99.99995516,146.0576422,436183969,39.45306552,14492.42447,3.9,89,17.4,75.03727856,94,87,66,703.4950973,35.08928609,69.89399719,978046,68.052,93.429,7.11,76.092,87.55389,83.30372,72.63826196,9.676144679,1371220000,55.5,56886000
China Zhejiang,99.99995516,146.0576422,436183969,39.45306552,14492.42447,3.9,89,17.4,75.03727856,94,87,66,703.4950973,35.08928609,69.89399719,978046,68.052,93.429,7.11,76.092,87.55389,83.30372,72.63826196,9.676144679,1371220000,55.5,56886000
Colombia,96.338151,43.46885714,30909723,38.36076412,13800.53251,10.3,74.1,15.9,84.4391972,75,80,31,832.6895424,19.58344965,70.8239975,133134,89.3,190.835,5.942,74.2,84.55657,72.78449,68.67422522,7.039004185,48228697,79.764,2978000
Congo (Brazzaville),100,14.62854466,657927,165.6458629,5919.719974,57.4,33.3,17,15.00932852,71,52,379,201.4979318,32.4601177,69.49199677,392996,244.476,279.972,7.556,64.112,65.1322,59.60912,54.20628115,3.365909688,4995648,65.543,363000
Congo (Kinshasa),100,33.61047132,476353,59.33243096,867.6336477,62.8,27.2,19.4,19.71368663,89,48,324,32.28092372,36.75993686,63.91799927,545694,235.692,284.355,10.187,59.205,60.57097,54.72243,50.63821533,3.017729697,76196619,42.74,354000
Costa Rica,99.97998602,94.1608304,1525922,62.5182964,15740.60049,6.5,83.1,11.6,97.1485496,85,80,11,1233.474792,22.73607069,61.76399994,421697,59.535,111.808,4.882,79.634,89.83292,82.95548,68.79030386,8.901064342,4807852,76.862,2660000
Cote d'Ivoire,100,72.66815094,642893,71.96487785,3461.989199,53.5,36.3,29.3,29.93183806,80,61,159,181.6623235,36.01868035,57.88000107,2175399,377.062,415.854,12.539,53.053,46.55696,41.97265,54.41241204,2.885102053,23108472,49.444,1441000
Croatia,100,75.11801287,1782666,93.90497452,23008.18872,2,92.8,17.2,97.46612845,10,87,13,1620.400444,15.50610177,52.88999939,576883,56.191,132.062,12.9,77.27560976,90.68647,79.09476,66.28886671,18.88316758,4203604,56.155,12683000
Cuba,100,110.1848875,1294458,31.61373991,25710.01612,8.3,83.8,16.6,90.81850737,83,87,7,3135.224186,9.64398217,54.2879982,13336,70.921,107.558,7.898,79.57,88.45286,83.23429,69.80653028,13.90533923,11461432,76.896,3506000
Cyprus,100,125.6477273,23405,128.8232516,31578.35443,4.4,91.2,11.5,99.36966086,56,87,6.2,2147.982971,44.34233575,62.63299942,196167,34.322,68.965,6.842,80.344,93.58158,88.14533,70.27179507,12.83281007,1160985,66.946,2659000
Czechia,99.82828388,136.589289,3378028,156.0998637,33691.42424,5.1,90.1,15.5,99.13616018,69,87,5.5,2425.848982,14.82839462,59.62099838,405093,52.944,112.133,10.5,78.57804878,90.8669,81.03392,66.87473748,17.99453816,10546059,73.477,8707000
Denmark Faroe Islands,75.18744118,135.3532508,117222850,104.0482116,49058.49608,6.3,90.1,11.7,99.5972302,50,87,6.5,5021.768695,13.67476666,62.02299881,572520,51.397,82.945,9.2,80.70243902,90.9804,85.97495,64.10939592,19.0474441,5683483,87.526,10424000
Denmark Greenland,75.18744118,135.3532508,117222850,104.0482116,49058.49608,6.3,90.1,11.7,99.5972302,50,87,6.5,5021.768695,13.67476666,62.02299881,572520,51.397,82.945,9.2,80.70243902,90.9804,85.97495,64.10939592,19.0474441,5683483,87.526,10424000
Denmark,75.18744118,135.3532508,117222850,104.0482116,49058.49608,6.3,90.1,11.7,99.5972302,50,87,6.5,5021.768695,13.67476666,62.02299881,572520,51.397,82.945,9.2,80.70243902,90.9804,85.97495,64.10939592,19.0474441,5683483,87.526,10424000
Diamond Princess,100,16.740504,5400896,59.69512912,14657.78289,15.3,75,14.4,87.48768636,90,80,74,1020.546414,28.20843254,41.4620018,242391,84.44,107.191,4.773,75.86,85.06557,81.0472,65.47719967,5.869785076,39871528,70.848,1710000
Djibouti,100,40.0092321,553322,107.5167473,10651.22879,47,42.9,19.5,51.37805815,85,80,362,146.6987696,20.38418935,62.82400131,112351,228.307,275.191,8.365,62.26,64.24314,57.98556,63.8921776,4.100326284,927414,77.417,1388000
Dominica,100,97.54933333,3496190,107.713772,10614.67485,7.9,85.5,16.4,77.8927615,88,87,11,577.6188423,31.17352857,46.95700073,6720,70.65,112.036,6.357,75.525,87.16133,80.28619,68.69824274,7.609622109,73162,69.579,75000
Dominican Republic,99.97859822,217.9340509,14463,53.9379181,14306.62229,16.8,71.1,19.1,82.69698174,80,80,53,860.5814557,42.85167309,63.5530014,415564,119.214,204.02,6.081,73.673,81.0507,70.5798,63.38848071,6.652676562,10528394,78.566,5600000
Ecuador,99.38916952,65.00389757,5677816,45.24387715,11479.89563,14.7,72.5,13.4,86.13821596,77,80,39,983.0623625,43.86994206,66.56300354,387513,86.029,161.783,5.127,76.102,85.41347,76.71084,64.27652046,6.704207932,16144368,63.398,1544000
Egypt,100,94.206813,11109554,34.84594296,10783.06539,10.5,83.7,28.2,93.16947984,85,58,15,496.9782118,61.95896546,48.34899902,491643,111.018,188.04,5.963,71.304,80.34685,70.10624,61.79991544,5.063221962,93778172,42.785,9139000
El Salvador,100,304.6562741,2597649,76.11860856,7496.810405,10.9,73.3,14.1,91.12507367,92,80,49,573.4180515,27.84884857,58.78099823,42045,103.002,261.317,6.691,73.267,83.7751,66.27786,63.76107766,7.931148433,6312478,69.7,1402000
Equatorial Guinea,100,41.90335116,400758,98.87805917,29420.64697,53.2,36,22,74.53794939,43,63,172,767.6874496,72.0174482,62.65299988,10825,308.714,348.893,10.344,57.434,55.18062,49.93255,59.68373024,2.891468271,1175389,70.616,897000
Eritrea,100,136.3633388,53074,107.4158555,1547.209325,43.8,44.4,24.2,11.25752675,90,61,70,50.63569127,59.87436473,80.55999756,15941,218.953,292.609,7.071,64.636,66.17926,56.92451,55.18041334,2.789261463,7416802,40.1,114000
Estonia,0,30.26011042,512389,150.6825544,29212.94887,2.8,92.9,16.9,99.60883236,83,87,18,1860.325048,22.77200698,62.1969986,202348,62.825,169.877,11.6,77.5902439,89.81784,73.36052,65.04769558,18.82179331,1315407,68.416,2961000
Eswatini,100,76.68668605,553322,99.73879374,8285.947663,54.7,35.8,26.6,58.02583569,80,80,404,627.2769568,11.37612927,51.95899963,31579,362.131,507.511,9.861,57.107,53.5015,37.63388,59.24400934,3.109450945,1319011,23.3,873000
Ethiopia,100,99.873033,7074779,39.65612414,1637.334132,51,37.6,18.4,7.07891807,84,71,192,64.90913139,38.37740162,80.46900177,1072949,198.692,250.154,6.997,65.037,68.87692,61.91884,54.90885012,3.480397957,99873033,19.428,864000
Fiji,99.97864842,48.83136289,1336976,105.5114754,9053.987331,10.3,84.2,30.8,95.67704656,86,80,51,320.0539774,21.02604494,58.12799835,13751,137.366,234.35,6.992,70.117,78.01626,64.66633,65.42438539,5.831200842,892149,54.726,755000
Finland,0,18.03011089,13035848,73.1814891,42220.95767,1.2,93.4,10.5,99.44792464,36,87,5.6,4097.13097,19.73217391,58.82600021,315881,43.26,93.675,9.6,81.4804878,93.02422,84.4549,63.34497514,20.26446352,5479531,85.225,2622000
France French Guiana,90.41211847,121.6190587,65039503,61.75169393,40833.24207,6,87.5,10.8,98.65200403,79,83,8.4,4666.180695,9.76121411,55.57799911,7784418,49.376,101.499,8.9,82.32195122,92.41071,84.67227,62.79642053,18.93844568,66593366,79.655,84452000
France French Polynesia,90.41211847,121.6190587,65039503,61.75169393,40833.24207,6,87.5,10.8,98.65200403,79,83,8.4,4666.180695,9.76121411,55.57799911,7784418,49.376,101.499,8.9,82.32195122,92.41071,84.67227,62.79642053,18.93844568,66593366,79.655,84452000
France Guadeloupe,90.41211847,121.6190587,65039503,61.75169393,40833.24207,6,87.5,10.8,98.65200403,79,83,8.4,4666.180695,9.76121411,55.57799911,7784418,49.376,101.499,8.9,82.32195122,92.41071,84.67227,62.79642053,18.93844568,66593366,79.655,84452000
France Martinique,90.41211847,121.6190587,65039503,61.75169393,40833.24207,6,87.5,10.8,98.65200403,79,83,8.4,4666.180695,9.76121411,55.57799911,7784418,49.376,101.499,8.9,82.32195122,92.41071,84.67227,62.79642053,18.93844568,66593366,79.655,84452000
France Mayotte,90.41211847,121.6190587,65039503,61.75169393,40833.24207,6,87.5,10.8,98.65200403,79,83,8.4,4666.180695,9.76121411,55.57799911,7784418,49.376,101.499,8.9,82.32195122,92.41071,84.67227,62.79642053,18.93844568,66593366,79.655,84452000
France New Caledonia,90.41211847,121.6190587,65039503,61.75169393,40833.24207,6,87.5,10.8,98.65200403,79,83,8.4,4666.180695,9.76121411,55.57799911,7784418,49.376,101.499,8.9,82.32195122,92.41071,84.67227,62.79642053,18.93844568,66593366,79.655,84452000
France Reunion,90.41211847,121.6190587,65039503,61.75169393,40833.24207,6,87.5,10.8,98.65200403,79,83,8.4,4666.180695,9.76121411,55.57799911,7784418,49.376,101.499,8.9,82.32195122,92.41071,84.67227,62.79642053,18.93844568,66593366,79.655,84452000
France Saint Barthelemy,90.41211847,121.6190587,65039503,61.75169393,40833.24207,6,87.5,10.8,98.65200403,79,83,8.4,4666.180695,9.76121411,55.57799911,7784418,49.376,101.499,8.9,82.32195122,92.41071,84.67227,62.79642053,18.93844568,66593366,79.655,84452000
France St Martin,90.41211847,121.6190587,65039503,61.75169393,40833.24207,6,87.5,10.8,98.65200403,79,83,8.4,4666.180695,9.76121411,55.57799911,7784418,49.376,101.499,8.9,82.32195122,92.41071,84.67227,62.79642053,18.93844568,66593366,79.655,84452000
France,90.41211847,121.6190587,65039503,61.75169393,40833.24207,6,87.5,10.8,98.65200403,79,83,8.4,4666.180695,9.76121411,55.57799911,7784418,49.376,101.499,8.9,82.32195122,92.41071,84.67227,62.79642053,18.93844568,66593366,79.655,84452000
Gabon,100,7.490879808,137331,73.94978146,17981.2212,49.9,41,14.8,40.93038599,50,55,537,480.2949881,25.90465861,51.32300186,268384,219.393,257.632,7.818,65.685,68.24473,62.60668,59.72391104,4.514668359,1930175,88.118,363000
Gambia,100,195.4140316,3036,48.07995631,1668.815203,55.2,33.9,20.6,41.69376093,82,74,174,79.50438266,23.4721344,59.47800064,192540,234.236,289.177,8.202,60.954,62.7792,55.79977,52.00117315,2.329400938,1977590,59.228,135000
Georgia,100,65.03201652,232263,107.0081835,9617.541676,2.8,93.4,24.9,84.87671725,84,80,99,717.1269015,57.32433505,68.12000275,168802,78.849,226.521,13.252,73.096,86.82378,67.30714,66.67073261,14.61547494,3725276,57.448,5256000
Germany,95.95259594,234.1536686,117222850,85.71197103,47979.4842,4.9,91.1,12.5,99.2191241,65,87,8,5328.899379,12.69157315,60.27899933,12005690,50.173,92.46,11.3,80.64146341,92.12171,85.40467,65.76367646,21.11756322,81686611,77.2,34970000
Ghana,100,121.2218555,390457,75.58639399,4083.472352,48.4,41.8,20.9,14.27950593,85,33,160,251.4542761,35.80306196,67.37000275,399471,224.959,264.306,8.314,62.448,64.44729,58.99744,57.81739293,3.386401268,27582821,54.086,897000
Greece,100,83.94788984,11237054,63.05516078,26902.52532,9.8,86.9,12.3,98.96396396,72,87,4.5,2180.174112,36.15921171,53.08800125,1242514,42.075,93.011,11.2,81.03658537,93.31577,85.65969,65.50620443,19.94783291,10820883,78.046,23599000
Grenada,100,314.1852941,1466527,114.7213994,13626.11294,13,80.7,21.7,78.30225647,80,87,5.4,660.7986758,57.83307325,59.32899857,7057,97.554,185.046,7.129,73.531,83.81447,72.18969,66.35930464,7.156698464,106823,35.997,155000
Guatemala,100,151.6650709,93129,51.30626369,7788.497235,24.8,59.2,14.9,67.36292035,87,80,26,428.3512704,57.82038639,61.42699814,76352,113.667,213.958,4.861,73.15,81.46964,70.28863,59.26100031,4.507320106,16252429,49.971,1865000
Guinea,100,49.20858294,122590,72.44272594,1877.852605,57.9,33.3,22.6,21.95227203,80,57,177,108.7792313,49.3524036,64.76200104,228413,249.967,275.775,9.582,59.419,59.67842,56.03017,54.29486071,3.054955894,12091533,35.141,35000
Guinea-Bissau,100,62.96322902,476353,59.78153675,1544.827265,64.2,28.2,19.8,21.46600375,79,32,373,100.4242849,33.85702596,72.69400024,22333,244.5,296.077,10.781,57,58.52201,51.42892,55.42940347,2.876885174,1770526,42.123,43800
Guyana,99.99980863,3.904058928,967629,100.267981,7558.051742,20.2,67.1,30.6,86.16405304,68,80,93,333.9914065,40.50667218,57.14400101,15384,170.683,248.061,8.164,66.536,71.59629,61.97547,65.14194927,5.033219954,768514,26.441,207000
Haiti,100,388.6451742,3036,70.55168963,1763.485249,31.3,56.6,26.7,30.54379074,80,78,194,94.46340136,41.73006958,67.14199829,39529,212.628,274.619,8.655,63.055,66.1565,58.16778,61.62776031,4.630876437,10711061,52.427,516000
Holy See,100,16.740504,5400896,59.69512912,14657.78289,15.3,75,14.4,87.48768636,90,80,74,1020.546414,28.20843254,41.4620018,242391,84.44,107.191,4.773,75.86,85.06557,81.0472,65.47719967,5.869785076,39871528,70.848,1710000
Honduras,99.99887667,80.08605774,276689,107.2644054,4613.124161,14.6,65.3,14,79.77644697,86,80,41,356.4359574,49.1517788,65.69499969,28070,120.104,172.935,4.806,73.376,80.68469,73.19868,62.59444299,4.414468795,8960829,55.165,880000
Hungary,100,108.7266983,20043787,169.8382284,26356.31374,2,93.5,23.3,97.98953148,71,87,10,1859.518082,28.8774618,54.81200027,449632,85.926,177.627,13.4,75.56829268,86.33516,71.58703,68.0632466,17.49568808,9843028,70.5,4929000
Iceland,11.98495478,3.299900249,4134980,96.72450276,48728.09936,4.5,89.9,9.3,98.77744156,100,87,2.4,3971.073892,17.63640536,77.01899719,37522,43.185,67.533,6.6,82.46829268,93.44655,90.27377,65.97293508,13.71414383,330815,93.7,1289000
India,100,440.286016,98927860,41.92291387,6139.033446,27,61.7,23.5,44.15112275,72,59,217,221.7634084,64.66441011,52.20800018,5240960,141.252,214.641,7.303,68.302,74.26744,66.40889,65.70604552,5.636245344,1309053980,32.777,13284000
Indonesia,96.1423725,142.5073903,90095131,41.93764024,11072.53789,21.5,72.5,26.5,67.88660816,85,39,325,331.6426852,40.65642904,66.6289978,328846,145.664,205.464,7.096,69.025,76.20152,66.87147,67.04622339,5.09506792,258162113,53.313,10407000
Iran,100,48.72448181,13873256,39.0173007,17622.69462,8.2,81.2,15.1,88.28982193,87,80,16,1329.564222,40.93178035,42.79600143,2726420,62.013,101.71,4.546,75.73,88.1426,83.50619,71.33326437,5.034630143,79360487,73.358,5237000
Iraq,100,83.19124394,2142554,76.75791506,15740.86238,17,53.4,21.6,85.6592985,91,52,43,493.7178706,76.46998127,42.52899933,353881,129.796,196.039,5.096,69.672,78.10854,68.40153,56.26509439,3.073806039,36115649,69.921,9139000
Ireland,2.718190834,68.25311366,115928738,215.4376787,68959.55175,5.2,90.5,10.5,92.17795166,57,87,7.2,5132.812597,13.57957241,61.95299911,746260,44.687,84.688,6.4,81.45365854,92.6974,88.14851,65.03492367,13.22986902,4701957,62.538,9528000
Israel,100,387.2504621,6331198,59.40223182,35514.54496,10,85.8,9.7,100,83,87,4,2750.48431,22.67203172,64.1309967,2011727,39.687,72.987,5.3,82.05121951,93.3102,88.80072,60.91708561,11.22370544,8380100,92.179,2799000
Italy,96.75457394,206.4682872,28603919,56.93130634,36836.42634,4.7,91.5,9.8,99.28144435,65,87,6.7,3288.745489,23.13747938,48.36600113,5788875,50.173,92.46,10.7,82.54390244,94.08739,88.99374,63.91041864,22.36287072,60730582,69.565,50732000
Jamaica,100,265.1831948,92836,76.10510996,8651.279091,11,80,14.8,85.37371383,23,80,4.5,487.7806742,18.87343839,65.44000244,23167,100.029,164.462,6.928,75.836,84.67372,77.00868,67.242945,9.303173402,2871934,54.833,2123000
Japan,88.66865042,348.7519201,114128000,35.59640126,40446.87919,12.8,81.9,8.6,100,53,87,16,4397.891233,12.94767104,59.99000168,2043877,37.102,69.979,10.3,83.79390244,94.03203,88.18294,60.99341482,26.01536466,127141000,91.381,19737000
Jordan,100,103.1685289,3065145,98.07690674,9068.304275,11.1,77.9,19.4,96.70805802,85,80,5.8,568.2245546,25.14934289,39.30899811,3112026,92.476,127.408,3.829,74.182,84.36768,78.29796,60.20962078,3.762983249,9159302,90.256,3761000
Kazakhstan,92.6415526,6.498057562,5081632,53.04972881,25123.31574,5,85.4,28.6,97.80530797,91,99,80,764.4020897,31.60665337,70.91799927,3546778,119.634,297.51,7.46,72,80.96095,58.26368,66.47015761,6.753908585,17542806,57.191,6430000
Kenya,100,82.99585164,4569473,44.21131778,3028.689208,65.2,25.4,13.3,29.84467981,87,45,380,147.6614074,28.81699948,66.31800079,1084357,183.125,264.091,5.841,66.695,71.77074,62.05029,56.07473911,2.580386393,47236259,25.658,1114000
"Korea, South",100,523.5255477,66093149,83.71212153,35760.73444,9.7,79.7,8.3,99.88753714,84,94,79,2502.25111,33.99995998,62.46099854,1327324,37.943,88.887,5.4,82.02439024,94.20414,86.5523,73.12993078,12.96546591,51014947,81.634,13232000
Kuwait,100,220.8638608,3752995,98.69986337,73131.60662,14.7,72,17.6,100,87,87,22,2927.440047,14.37861272,74.98600006,2866136,57.472,93.356,2.681,74.577,88.14149,83.78713,77.04999296,2.064107014,3935794,100,1909000
Kyrgyzstan,99.10894838,31.05787278,967629,110.9615707,3457.707525,10,81.9,26.2,96.58607827,82,83,144,252.7782406,55.43338973,62.4109993,204382,109.359,249.094,5.8,70.65121951,81.86729,63.7102,64.62153227,4.27911067,5956900,35.777,4.00E+06
Laos,100,28.87334055,1181188,85.79862603,6146.310386,33,58,27.1,72.59428683,88,37,182,150.3693478,45.36532622,78.13200378,22244,173.589,217.661,6.754,66.335,71.16927,64.44396,62.40254491,3.885373382,6663967,33.108,3543000
Latvia,92.27308655,31.80326472,2527368,121.3474253,24723.56397,2.5,91.7,22.2,92.8639823,84,87,40,1393.638929,42.07074373,60.24200058,263126,85.92,234.554,14.4,74.4804878,86.47492,65.88464,65.58540004,19.28364204,1977527,67.98,2024000
Lebanon,100,571.9920821,2591297,72.39802241,14176.46205,3.7,89.7,17.9,95.35936538,83,87,13,1112.756008,33.74462347,46.84400177,1997776,50.412,70.223,4.591,79.409,91.14229,87.27164,67.86643172,8.142915663,5851479,88.106,1518000
Liberia,100,46.7153343,657927,126.0176896,1301.299399,60.9,29.5,17.2,16.88947781,77,42,308,132.6585879,46.80536148,56.19499969,113779,221.505,260.52,8.12,62.007,64.32182,58.9641,54.59133114,3.023543538,4499621,49.82,363000
Libya,100,3.543514214,1430460,114.2459221,15856.56612,8.4,70.4,19.7,99.7,61,39,40,339.5523941,24.01657599,52.64199829,771146,97.268,172.311,5.201,71.776,83.13211,72.11855,67.07490271,4.32301436,6234955,79.27,520000
Liechtenstein,100,233.76875,4911730,49.55879659,11832.95181,7.6,82.5,17.6,99.95,85,69,65,463.7359234,48.93215272,53.52899933,23493,74.052,198.027,6.7,82.65609756,87.63841,72.76062,66.12595611,9.298968236,37403,14.303,48600
Lithuania,99.5312153,46.36727853,1363946,152.1257799,28910.3621,3.3,90,22.2,93.62184087,79,87,55,1853.699283,31.83880238,59.26399994,136036,85.048,245.418,14.4,74.32195122,86.51445,64.3293,66.718703,18.6850896,2904910,67.23,2071000
Luxembourg,79.97926683,234.4049383,1830972,416.3892358,102780.4409,4.8,88.6,9.6,97.61098261,86,87,6.1,6420.317415,10.99794417,59.36199951,249325,49.464,66.691,7,82.29268293,92.36945,87.1184,69.62792528,13.99422311,569604,90.179,1090000
Madagascar,100,41.65364043,458572,67.59478052,1470.793357,47.2,42.4,23.1,9.69366814,82,52,236,80.71873523,25.23195827,86.53700256,32075,193.34,243.575,6.475,65.539,69.58119,62.52618,55.52256805,2.834053421,24234088,35.193,244000
Malaysia,93.50817804,93.51135291,50345820,133.4597022,26717.46361,18,72.9,17.3,99.57400673,78,87,88,1037.658054,35.47957674,64.33799744,2514243,85.207,158.239,4.865,75.143,85.97879,76.27029,69.17357283,5.86259777,30723155,74.213,25721000
Maldives,6.87E-08,1394.676667,1313533,143.9201297,14728.14699,8.3,85.2,13.9,95.86881806,83,80,46,1298.722179,19.548936,66.44599915,94086,56.521,80.203,3.377,77.042,88.57756,84.90335,72.48705196,4.102743049,418403,38.529,1234000
Mali,100,14.31572542,122590,63.63964146,2049.704885,61.5,29.6,24.8,31.26833404,77,68,57,84.02325289,34.17111295,71.05899811,363145,258.057,277.124,10.667,57.478,57.34182,54.38304,49.53643267,2.533955846,17467905,39.991,159300
Malta,100,1390.790625,1583046,272.3983822,35667.97268,6,90.8,10.8,99.96135673,79,87,8.6,3389.006631,37.10349896,54.19499969,41442,40.399,68.847,7.7,81.89756098,92.51829,88.80055,67.21988887,18.36671219,445053,94.414,1783000
Mauritania,100,4.057767537,248158,109.364892,3846.465821,54.4,36.2,18,44.62062434,71,49,107,177.0806661,48.23745512,46.09000015,138162,181.083,226.084,7.96,63.082,68.11302,61.35498,56.66070748,3.100201538,4182341,51.089,1006600
Mauritius,100,621.9729064,1466527,107.6368711,20163.02494,6.8,88,22.8,93.14913303,91,80,13,1147.854245,49.57672733,59.32899857,28585,93.74,192.135,7.7,74.35317073,84.71492,71.61814,70.64565971,9.95405953,1262605,41,1151000
Mexico,99.71526554,64.76038427,46966763,71.16631448,17699.15938,9.7,79.7,15.9,89.21839255,80,80,21,974.4987939,40.18865099,61.33800125,1193155,79.743,141.938,4.824,76.933,85.97276,78.24158,66.04583225,6.481776541,125890949,79.285,32093000
Moldova,100,123.806319,1005936,116.6681804,5069.489442,4.4,90.1,27.5,78.39894398,80,87,102,514.257167,46.18741009,44.10300064,142904,98.788,243.659,11.424,71.468,82.44282,62.86941,74.33474833,9.938292859,3554108,42.49,94400
Monaco,100,19153.5,60382,329.0478997,87298.16826,21.5,75,10,100,79,87,0,3406.496395,6.0530705,68.90000153,21042,39.135,64.706,7.6,82.74390244,93.52881,89.33618,72.81095276,11.68614963,38307,100,331000
Mongolia,97.95178478,1.916164809,529311,90.28701288,12187.76943,10.2,79,30.4,59.2215303,85,37,428,471.8075028,39.09423902,60.33800125,17620,129.494,296.188,6.308,69.087,78.26584,58.25659,67.33519726,3.884809483,2976877,68.23,386000
Montenegro,100,46.25717472,526980,102.6889774,16337.25576,1.5,94.8,20.9,95.90868712,93,87,15,802.0708307,39.56750809,50.9109993,82541,66.002,125.252,9.803,76.938,88.95011,79.71227,67.64802333,13.89367345,622159,65.806,1560000
Morocco,100,77.98190007,7043971,77.19803634,7792.029575,14.6,78.8,12.5,83.46606769,88,87,101,426.9096324,52.1063618,47.13899994,88511,66.033,75.794,5.145,75.573,87.43914,85.13372,65.94439462,6.396156666,34803322,60.809,10177000
Mozambique,100,35.61979069,676028,104.2060395,1194.243896,67.1,25.4,18.4,23.56073218,88,38,551,61.70759636,7.1097214,78.88600159,222928,297.015,368.151,10.381,57.714,56.65595,48.3409,51.6682898,3.132711007,28010691,34.4,1552000
Namibia,100,2.946180568,553322,107.1350399,10651.22879,49.7,40.4,21.6,33.83676724,83,80,495,1046.708828,7.33436006,60.54899979,93888,270.425,360.521,7.455,63.782,64.56556,52.57821,59.49617429,3.479813536,2425561,46.9,1388000
Nepal,100,199.9043042,510342,53.09526681,2471.608108,24.4,62.4,22.2,46.1265906,92,74,156,153.2670833,59.43524324,83.10800171,518278,133.892,175.316,6.329,69.887,77.44215,70.73938,61.96891488,5.476157026,28656282,18.557,539000
Netherlands Aruba,99.81168269,502.8175423,35687843,157.816576,50302.06775,5.8,89.3,11.3,97.72696627,86,87,5.8,5160.339644,11.61642904,64.06999969,1979486,49.464,66.691,8.7,81.5097561,92.32505,88.82435,65.32420021,17.9201888,16939923,90.173,15007000
Netherlands Curacao,99.81168269,502.8175423,35687843,157.816576,50302.06775,5.8,89.3,11.3,97.72696627,86,87,5.8,5160.339644,11.61642904,64.06999969,1979486,49.464,66.691,8.7,81.5097561,92.32505,88.82435,65.32420021,17.9201888,16939923,90.173,15007000
Netherlands Sint Maarten,99.81168269,502.8175423,35687843,157.816576,50302.06775,5.8,89.3,11.3,97.72696627,86,87,5.8,5160.339644,11.61642904,64.06999969,1979486,49.464,66.691,8.7,81.5097561,92.32505,88.82435,65.32420021,17.9201888,16939923,90.173,15007000
Netherlands,99.81168269,502.8175423,35687843,157.816576,50302.06775,5.8,89.3,11.3,97.72696627,86,87,5.8,5160.339644,11.61642904,64.06999969,1979486,49.464,66.691,8.7,81.5097561,92.32505,88.82435,65.32420021,17.9201888,16939923,90.173,15007000
New Zealand,0.349574374,17.45357184,14385078,54.39019411,37562.48359,4.4,89.6,10.4,100,80,87,7.3,3509.57187,13.36466008,68.33200073,1039736,43.185,67.533,6.87,81.45682927,91.85155,88.23537,65.38199323,14.64716249,4595700,86.341,3039000
Nicaragua,99.92951799,50.54042712,276689,99.4728626,5293.911701,11.4,75.8,14.4,76.34918523,87,80,51,418.1570618,35.60493542,66.19000244,40262,104.717,192.244,4.773,75.149,82.99823,73.06419,64.88038954,5.085320949,6082035,57.895,1386000
Niger,100,15.7077169,15243,59.12386051,969.9149781,63.3,26.1,20.2,12.93732773,80,55,95,68.30457835,52.2709333,78.91400146,189255,234.912,263.26,9.942,59.667,61.20565,56.42825,47.25548846,2.542337487,19896965,16.247,135000
Nigeria,100,198.9324901,4613169,21.44692967,6070.992128,63.5,28.2,22.5,32.600957,84,22,219,215.7272389,72.07918382,55.12900162,1199115,337.66,374.769,12.766,52.985,48.76891,44.5862,53.14884098,2.736190132,181181744,47.838,1255000
North Macedonia,100,82.44678826,1466527,113.6984439,13831.32542,1.9,95.3,20.7,90.91120301,86,80,17,875.8286575,34.3689693,55.51499939,130730,67.936,126.458,9.745,75.549,88.18848,79.02467,70.63460536,12.52536902,2079308,57.408,486000
Norway,2.024656744,14.21057257,4134980,69.80965429,60519.97152,7.4,87.2,9.3,98.058581,88,87,6.3,6268.112398,14.14276967,64.88899994,741813,43.185,67.533,7.8,82.30487805,93.08459,88.60471,65.73465009,16.3030334,5188607,81.091,5361000
Oman,100,13.56966074,6365784,110.0743224,42585.06338,10.8,71.9,18.1,99.31807583,88,87,9,1815.504829,5.73641702,70.01000214,1844978,68.919,109.456,2.574,76.801,87.38418,82.07851,75.51334465,2.314366602,4199810,81.35,1909000
Pakistan,100,245.6679548,8467827,27.65467302,5014.931455,35.3,56,24.8,58.25140423,93,63,270,134.3635841,66.17925891,53.1629982,3628956,141.739,178.543,7.344,66.322,72.14205,67.42963,60.49575016,4.484901781,189380513,36.026,741000
Panama,87.28942893,53.39317998,12193261,99.9366829,22232.81339,14.9,75.3,13.2,76.86704038,82,80,52,1558.531347,30.22033496,64.88999939,184710,79.453,149.949,4.995,77.806,86.99579,77.93639,64.58410646,7.555106772,3969249,66.696,2110000
Papua New Guinea,100,17.48846222,1679156,107.1350399,4084.749534,36.8,54.9,29.9,18.6041702,74,77,432,112.5763765,6.13054768,47.10900116,25782,192.942,257.873,7.133,65.384,68.47606,58.55772,59.73874423,3.645067915,7919825,13.012,185000
Paraguay,100,16.71059401,452004,65.63832269,11896.03389,13.9,74.3,17.7,91.22222482,70,87,41,719.394587,36.48574609,69.5739975,156462,125.322,165.38,5.685,73.023,79.89289,73.60744,63.84573013,6.020422288,6639119,60.75,1215000
Peru,99.97338889,24.51302422,13877662,45.13394466,12570.20625,20.7,68.8,12.8,76.8155252,87,80,119,652.5113978,28.94799768,76.06800079,90881,94.743,153.397,5.643,74.747,84.05864,75.6081,65.27923246,6.82514407,31376671,77.357,3456000
Philippines,99.43309287,341.1354563,37023422,62.69000877,7341.942891,25.4,67.2,26.9,74.9769045,91,49,550,316.3457164,54.78785975,62.50600052,211862,137.416,262.057,6.496,68.951,77.63706,61.36717,63.19890687,4.571912567,101716359,46.284,5361000
Poland,99.99621497,124.0615696,4448883,96.00946042,26826.22876,4.8,90.5,19.3,98.13271295,53,87,19,1686.15661,23.24629836,56.68199921,619403,63.434,163.904,10.4,77.45121951,89.21991,75.02442,69.50454703,15.61163653,37986412,60.278,16728000
Portugal,27.45849405,113.0725249,12706909,80.22295662,29684.69167,10,85.9,11.2,99.44214277,72,87,23,2645.322703,27.72781625,58.63299942,837257,42.442,103.994,10.5,81.12439024,93.10573,84.51629,65.18449489,20.73863415,10358076,63.514,11723000
Qatar,100,213.7415159,25263224,93.70767394,128021.977,5.3,67.4,15.4,100,70,87,25,3952.476129,7.24407565,87.55999756,1687640,46.913,65.626,1.509,78.036,88.87132,86.63493,85.0838935,1.089767277,2481539,98.945,2941100
Romania,99.37909475,86.12430894,3634598,82.6575055,21631.80621,4.1,92.4,21.5,81.81271859,85,87,82,1063.185684,21.27555731,54.31800079,226943,80.292,186.402,13.2,75.01219512,86.99599,71.80829,67.58356966,16.99972043,19815481,53.887,9331000
Russia,91.8274019,8.798804045,76846126,49.34654123,24063.05616,5.1,87,25.9,88.78669802,71,100,67,1328.253037,38.64633529,62.69599915,11643276,82.36,245.384,13,71.18341463,82.25189,56.82688,69.67873708,13.48862411,144096870,74.05,33729000
Rwanda,100,471.4046615,544541,52.54826906,1852.664626,43.7,42.8,18.3,62.34782504,87,80,59,119.3613243,7.62385886,84.13800049,441525,176.457,230.691,6.132,66.696,71.8964,64.28342,56.39062826,2.808766597,11629553,17.004,987000
Saint Kitts and Nevis,100,208.8,1466527,112.0998011,27377.0996,6.8,88,22.8,93.14913303,91,80,4.5,1323.099947,53.37647924,59.32899857,7443,93.74,192.135,7.7,74.35317073,84.71492,71.61814,70.64565971,9.95405953,54288,30.827,122000
Saint Lucia,100,290.5016393,1466527,81.93711192,12768.55827,9.8,81.9,19,90.90809761,91,87,9.1,675.1191095,52.25357081,67.14700317,12771,107.804,164.983,7.472,75.3,83.26079,74.46046,70.86103179,9.394715755,177206,18.515,345000
Saint Vincent and the Grenadines,100,280.6538462,935604,92.08706988,11152.72034,14,79.4,22.3,87.1843449,67,87,7.4,390.0753485,20.87663761,68.44400024,4577,128.255,181.392,7.115,73.06,80.35666,73.76823,68.14215888,7.328125714,109455,50.964,75000
San Marino,11.98495478,549.3333333,4134980,96.72450276,60262.53517,4.5,89.9,9.3,100,100,87,0,3564.179975,18.92069102,77.01899719,4717,43.185,67.533,7.1,82.46829268,93.44655,90.27377,65.97293508,13.71414383,32960,96.739,54000
Saudi Arabia,100,14.67985803,33431736,72.074996,54172.10397,10.8,72.6,16.5,100,72,87,12,3252.426234,14.38336618,55.63199997,10185945,78.452,97.496,3.54,74.4,84.90394,80.61986,70.94817262,3.053302289,31557144,83.18,17994000
Senegal,100,77.79044305,115355,58.11033767,3120.591971,46.2,41.6,18.4,48.35813633,86,68,130,136.6757348,53.52383996,46.22600174,263242,155.623,224.432,6.071,66.784,73.88664,64.68221,53.94493047,2.994746476,14976994,45.862,1006600
Serbia,100,81.12717814,2427047,103.1000395,13992.72658,2.6,94.3,20.1,94.64288939,89,87,21,1303.449059,40.58773461,52.00899887,807441,77.765,150.34,14.6,75.28780488,86.96539,75.67789,67.02718703,16.30528014,7095383,55.696,1132000
Seychelles,100,203.0847826,497496,172.0462929,26546.40359,12.1,80.5,21.3,100,88,87,9.8,867.6939169,2.48362945,58.12799835,12791,90.34,234.91,7.5,74.29512195,86.01028,65.62746,70.05077767,8.204433445,93419,55.4,276000
Singapore,100,7806.772752,33585397,329.0478997,87298.16826,21.5,75,10,100,79,87,45,3696.753054,31.98898334,68.90000153,2543638,39.135,64.706,4.8,82.74390244,93.52881,89.33618,72.81095276,11.68614963,5535002,100,12051000
Slovakia,100,112.8031442,11098,183.118714,29691.52303,4.7,89.4,17.7,98.9281762,86,87,6.5,2028.355297,18.44357352,59.60100174,177190,52.944,112.133,9.9,76.56341463,89.23572,75.54738,70.6591341,14.05729542,5423801,53.889,1721000
Slovenia,99.79371471,102.4461087,1045409,145.396637,31623.7121,4.7,88.4,13.1,99.10727079,81,87,7.2,2676.208687,12.49877718,57.36700058,235966,52.944,112.133,9.6,80.77560976,92.51197,84.31895,67.2556907,18.03471005,2063531,53.781,2707000
Somalia,100,22.17000191,4613169,76.22766202,6070.992128,66.7,23.8,21.9,16.19141579,84,37,274,215.7272389,72.07918382,46.16400146,25291,279.893,336.713,11.629,55.876,55.20686,48.70336,50.64628032,2.687133546,13908129,43.245,1255000
South Africa,100,45.57883174,18882898,61.60014841,13219.14141,39.8,50.8,26.6,73.12882437,81,68,759,1079.639021,7.69854693,54.64899826,3142511,289.031,413.754,10.102,61.981,61.85838,45.72087,65.57348295,5.081240287,55291225,64.828,8904000
Spain,55.15272487,92.95268301,60564041,63.53729542,35028.30135,5.2,91.4,10.1,99.90436021,79,87,10,3175.133883,23.78245662,58.3409996,5852953,38.807,76.998,9.1,82.83170732,94.09783,87.58709,66.21456201,18.87752582,46444832,79.602,68175000
Sri Lanka,100,334.3326423,4911730,49.55879659,11832.95181,7.6,82.5,17.6,94.20667369,85,69,65,463.7359234,48.93215272,53.52899933,38706,74.052,198.027,6.814,75.088,87.63841,72.76062,66.12595611,9.298968236,20966000,18.256,1798000
Sudan,100,22.12739646,496177,19.10080411,4582.048108,36.6,51,26,34.58610454,79,55,88,288.4135835,63.22554348,47.21900177,503477,194.43,251.674,7.522,64.257,68.00191,61.19966,55.05669494,3.455671206,38647803,33.894,741000
Suriname,100,3.546205128,259682,53.9379181,15638.84699,13.7,75.3,21.8,79.21919843,76,80,33,1054.426917,20.23735586,52.02600098,46836,119.201,221.057,7.254,71.279,80.24375,67.19126,66.37864962,6.679766019,553208,66.056,228000
Sweden,3.555146241,24.05829958,131512994,86.20625803,48436.97512,5.8,89.1,9.3,99.30353361,87,87,9.2,5299.966773,15.48625861,63.98199844,1639771,39.95,66.933,9.3,82.20487805,93.22958,89.43213,63.10517726,19.59774939,9799186,86.553,6482000
Switzerland,72.31110734,209.5960066,27011762,112.730195,63938.97998,4.5,89.5,8.7,99.89104203,73,87,7.3,7611.309849,29.07631762,68.21099854,2438702,36.484,62.284,8.2,82.89756098,93.73252,89.74086,67.21864513,17.9965814,8282396,73.718,9305000
Syria,100,102.025742,17902,34.84594296,10783.06539,5,42.5,21.8,92.94715294,91,80,19,496.9782118,61.95896546,41.61199951,875189,81.532,274.681,5.589,69.904,86.02041,64.31185,57.8680946,4.040242996,18734987,52.168,9139000
Taiwan*,100,16.740504,5400896,59.69512912,14657.78289,15.3,75,14.4,87.48768636,90,80,74,1020.546414,28.20843254,41.4620018,242391,84.44,107.191,4.773,75.86,85.06557,81.0472,65.47719967,5.869785076,39871528,70.848,1710000
Tanzania,100,60.8263231,1312807,40.75768023,2666.839967,57.2,31.8,17.9,23.53406597,90,37,306,97.59082965,25.82907323,83.39700317,261222,211.158,268.176,7.015,64.95,68.26041,61.06866,51.69699003,3.110316142,53879957,31.617,1104000
Thailand,100,134.3882245,56447637,125.8919269,16289.13286,16.1,73.6,14.6,95.01129717,79,55,163,598.1894628,12.50940436,69.06800079,3913258,93.756,204.022,7.75,75.103,85.53583,72.27456,71.44337262,10.56473573,68657600,47.694,29923000
Timor-Leste,100,83.45507734,115355,129.3905425,7901.602648,47,43.9,19.9,44.01105596,87,54,498,138.0459775,8.2978889,39.31399918,10834,124.929,174.544,5.635,68.569,76.54978,69.38016,52.54714632,3.456550766,1240977,29.49,62000
Togo,100,136.3633388,420875,107.4158555,1547.209325,53.1,36.4,23.5,13.94848231,86,68,52,91.80855556,54.534586,77.96099854,276844,255.415,288.003,8.827,59.949,59.83889,55.33099,55.18041334,2.789261463,7416802,40.1,273000
Trinidad and Tobago,100,265.1251462,2617843,96.00946042,33667.75032,9.1,80.5,21.5,92.14651868,63,87,17,2145.338746,41.30602091,61.95600128,49883,122.114,215.315,9.491,70.556,79.33561,66.51225,69.80829238,9.411789791,1360092,53.319,440000
Tunisia,100,72.56475927,3496190,91.05897363,11497.79223,7.9,85.5,16.4,93.1278284,91,80,38,802.0708307,39.56750809,46.95700073,56701,70.65,112.036,6.357,75.525,87.16133,80.28619,68.69824274,7.609622109,11273661,68.056,5359000
Turkey,100,101.7001312,96604665,49.29987617,25710.01612,4.6,88.8,16.4,96.37269351,87,87,18,1028.214219,16.94832914,51.00699997,2964916,71.53,140.118,5.814,75.498,87.98314,78.35422,66.61479421,7.801754386,78271472,73.611,39478000
US Alabama,8.465306507,35.06373087,798222000,27.72614113,56803.47061,5.4,88.2,14.3,99.96955086,83,87,3.3,9524.35059,11.13559489,62.01699829,46627102,80.289,134.102,8.44,78.6902439,88.42826,81.37208,66.14679627,14.64034341,320742673,81.671,77774000
US Alaska,8.465306507,35.06373087,798222000,27.72614113,56803.47061,5.4,88.2,14.3,99.96955086,83,87,3.3,9524.35059,11.13559489,62.01699829,46627102,80.289,134.102,8.44,78.6902439,88.42826,81.37208,66.14679627,14.64034341,320742673,81.671,77774000
US Arizona,8.465306507,35.06373087,798222000,27.72614113,56803.47061,5.4,88.2,14.3,99.96955086,83,87,3.3,9524.35059,11.13559489,62.01699829,46627102,80.289,134.102,8.44,78.6902439,88.42826,81.37208,66.14679627,14.64034341,320742673,81.671,77774000
US Arkansas,8.465306507,35.06373087,798222000,27.72614113,56803.47061,5.4,88.2,14.3,99.96955086,83,87,3.3,9524.35059,11.13559489,62.01699829,46627102,80.289,134.102,8.44,78.6902439,88.42826,81.37208,66.14679627,14.64034341,320742673,81.671,77774000
US California,8.465306507,35.06373087,798222000,27.72614113,56803.47061,5.4,88.2,14.3,99.96955086,83,87,3.3,9524.35059,11.13559489,62.01699829,46627102,80.289,134.102,8.44,78.6902439,88.42826,81.37208,66.14679627,14.64034341,320742673,81.671,77774000
US Colorado,8.465306507,35.06373087,798222000,27.72614113,56803.47061,5.4,88.2,14.3,99.96955086,83,87,3.3,9524.35059,11.13559489,62.01699829,46627102,80.289,134.102,8.44,78.6902439,88.42826,81.37208,66.14679627,14.64034341,320742673,81.671,77774000
US Connecticut,8.465306507,35.06373087,798222000,27.72614113,56803.47061,5.4,88.2,14.3,99.96955086,83,87,3.3,9524.35059,11.13559489,62.01699829,46627102,80.289,134.102,8.44,78.6902439,88.42826,81.37208,66.14679627,14.64034341,320742673,81.671,77774000
US Delaware,8.465306507,35.06373087,798222000,27.72614113,56803.47061,5.4,88.2,14.3,99.96955086,83,87,3.3,9524.35059,11.13559489,62.01699829,46627102,80.289,134.102,8.44,78.6902439,88.42826,81.37208,66.14679627,14.64034341,320742673,81.671,77774000
US District of Columbia,8.465306507,35.06373087,798222000,27.72614113,56803.47061,5.4,88.2,14.3,99.96955086,83,87,3.3,9524.35059,11.13559489,62.01699829,46627102,80.289,134.102,8.44,78.6902439,88.42826,81.37208,66.14679627,14.64034341,320742673,81.671,77774000
US Florida,8.465306507,35.06373087,798222000,27.72614113,56803.47061,5.4,88.2,14.3,99.96955086,83,87,3.3,9524.35059,11.13559489,62.01699829,46627102,80.289,134.102,8.44,78.6902439,88.42826,81.37208,66.14679627,14.64034341,320742673,81.671,77774000
US Georgia,8.465306507,35.06373087,798222000,27.72614113,56803.47061,5.4,88.2,14.3,99.96955086,83,87,3.3,9524.35059,11.13559489,62.01699829,46627102,80.289,134.102,8.44,78.6902439,88.42826,81.37208,66.14679627,14.64034341,320742673,81.671,77774000
US Guam,8.465306507,35.06373087,798222000,27.72614113,56803.47061,5.4,88.2,14.3,99.96955086,83,87,3.3,9524.35059,11.13559489,62.01699829,46627102,80.289,134.102,8.44,78.6902439,88.42826,81.37208,66.14679627,14.64034341,320742673,81.671,77774000
US Hawaii,8.465306507,35.06373087,798222000,27.72614113,56803.47061,5.4,88.2,14.3,99.96955086,83,87,3.3,9524.35059,11.13559489,62.01699829,46627102,80.289,134.102,8.44,78.6902439,88.42826,81.37208,66.14679627,14.64034341,320742673,81.671,77774000
US Idaho,8.465306507,35.06373087,798222000,27.72614113,56803.47061,5.4,88.2,14.3,99.96955086,83,87,3.3,9524.35059,11.13559489,62.01699829,46627102,80.289,134.102,8.44,78.6902439,88.42826,81.37208,66.14679627,14.64034341,320742673,81.671,77774000
US Illinois,8.465306507,35.06373087,798222000,27.72614113,56803.47061,5.4,88.2,14.3,99.96955086,83,87,3.3,9524.35059,11.13559489,62.01699829,46627102,80.289,134.102,8.44,78.6902439,88.42826,81.37208,66.14679627,14.64034341,320742673,81.671,77774000
US Indiana,8.465306507,35.06373087,798222000,27.72614113,56803.47061,5.4,88.2,14.3,99.96955086,83,87,3.3,9524.35059,11.13559489,62.01699829,46627102,80.289,134.102,8.44,78.6902439,88.42826,81.37208,66.14679627,14.64034341,320742673,81.671,77774000
US Iowa,8.465306507,35.06373087,798222000,27.72614113,56803.47061,5.4,88.2,14.3,99.96955086,83,87,3.3,9524.35059,11.13559489,62.01699829,46627102,80.289,134.102,8.44,78.6902439,88.42826,81.37208,66.14679627,14.64034341,320742673,81.671,77774000
US Kansas,8.465306507,35.06373087,798222000,27.72614113,56803.47061,5.4,88.2,14.3,99.96955086,83,87,3.3,9524.35059,11.13559489,62.01699829,46627102,80.289,134.102,8.44,78.6902439,88.42826,81.37208,66.14679627,14.64034341,320742673,81.671,77774000
US Kentucky,8.465306507,35.06373087,798222000,27.72614113,56803.47061,5.4,88.2,14.3,99.96955086,83,87,3.3,9524.35059,11.13559489,62.01699829,46627102,80.289,134.102,8.44,78.6902439,88.42826,81.37208,66.14679627,14.64034341,320742673,81.671,77774000
US Louisiana,8.465306507,35.06373087,798222000,27.72614113,56803.47061,5.4,88.2,14.3,99.96955086,83,87,3.3,9524.35059,11.13559489,62.01699829,46627102,80.289,134.102,8.44,78.6902439,88.42826,81.37208,66.14679627,14.64034341,320742673,81.671,77774000
US Maine,8.465306507,35.06373087,798222000,27.72614113,56803.47061,5.4,88.2,14.3,99.96955086,83,87,3.3,9524.35059,11.13559489,62.01699829,46627102,80.289,134.102,8.44,78.6902439,88.42826,81.37208,66.14679627,14.64034341,320742673,81.671,77774000
US Maryland,8.465306507,35.06373087,798222000,27.72614113,56803.47061,5.4,88.2,14.3,99.96955086,83,87,3.3,9524.35059,11.13559489,62.01699829,46627102,80.289,134.102,8.44,78.6902439,88.42826,81.37208,66.14679627,14.64034341,320742673,81.671,77774000
US Massachusetts,8.465306507,35.06373087,798222000,27.72614113,56803.47061,5.4,88.2,14.3,99.96955086,83,87,3.3,9524.35059,11.13559489,62.01699829,46627102,80.289,134.102,8.44,78.6902439,88.42826,81.37208,66.14679627,14.64034341,320742673,81.671,77774000
US Michigan,8.465306507,35.06373087,798222000,27.72614113,56803.47061,5.4,88.2,14.3,99.96955086,83,87,3.3,9524.35059,11.13559489,62.01699829,46627102,80.289,134.102,8.44,78.6902439,88.42826,81.37208,66.14679627,14.64034341,320742673,81.671,77774000
US Minnesota,8.465306507,35.06373087,798222000,27.72614113,56803.47061,5.4,88.2,14.3,99.96955086,83,87,3.3,9524.35059,11.13559489,62.01699829,46627102,80.289,134.102,8.44,78.6902439,88.42826,81.37208,66.14679627,14.64034341,320742673,81.671,77774000
US Mississippi,8.465306507,35.06373087,798222000,27.72614113,56803.47061,5.4,88.2,14.3,99.96955086,83,87,3.3,9524.35059,11.13559489,62.01699829,46627102,80.289,134.102,8.44,78.6902439,88.42826,81.37208,66.14679627,14.64034341,320742673,81.671,77774000
US Missouri,8.465306507,35.06373087,798222000,27.72614113,56803.47061,5.4,88.2,14.3,99.96955086,83,87,3.3,9524.35059,11.13559489,62.01699829,46627102,80.289,134.102,8.44,78.6902439,88.42826,81.37208,66.14679627,14.64034341,320742673,81.671,77774000
US Montana,8.465306507,35.06373087,798222000,27.72614113,56803.47061,5.4,88.2,14.3,99.96955086,83,87,3.3,9524.35059,11.13559489,62.01699829,46627102,80.289,134.102,8.44,78.6902439,88.42826,81.37208,66.14679627,14.64034341,320742673,81.671,77774000
US Nebraska,8.465306507,35.06373087,798222000,27.72614113,56803.47061,5.4,88.2,14.3,99.96955086,83,87,3.3,9524.35059,11.13559489,62.01699829,46627102,80.289,134.102,8.44,78.6902439,88.42826,81.37208,66.14679627,14.64034341,320742673,81.671,77774000
US Nevada,8.465306507,35.06373087,798222000,27.72614113,56803.47061,5.4,88.2,14.3,99.96955086,83,87,3.3,9524.35059,11.13559489,62.01699829,46627102,80.289,134.102,8.44,78.6902439,88.42826,81.37208,66.14679627,14.64034341,320742673,81.671,77774000
US New Hampshire,8.465306507,35.06373087,798222000,27.72614113,56803.47061,5.4,88.2,14.3,99.96955086,83,87,3.3,9524.35059,11.13559489,62.01699829,46627102,80.289,134.102,8.44,78.6902439,88.42826,81.37208,66.14679627,14.64034341,320742673,81.671,77774000
US New Jersey,8.465306507,35.06373087,798222000,27.72614113,56803.47061,5.4,88.2,14.3,99.96955086,83,87,3.3,9524.35059,11.13559489,62.01699829,46627102,80.289,134.102,8.44,78.6902439,88.42826,81.37208,66.14679627,14.64034341,320742673,81.671,77774000
US New Mexico,8.465306507,35.06373087,798222000,27.72614113,56803.47061,5.4,88.2,14.3,99.96955086,83,87,3.3,9524.35059,11.13559489,62.01699829,46627102,80.289,134.102,8.44,78.6902439,88.42826,81.37208,66.14679627,14.64034341,320742673,81.671,77774000
US New York,8.465306507,35.06373087,798222000,27.72614113,56803.47061,5.4,88.2,14.3,99.96955086,83,87,3.3,9524.35059,11.13559489,62.01699829,46627102,80.289,134.102,8.44,78.6902439,88.42826,81.37208,66.14679627,14.64034341,320742673,81.671,77774000
US North Carolina,8.465306507,35.06373087,798222000,27.72614113,56803.47061,5.4,88.2,14.3,99.96955086,83,87,3.3,9524.35059,11.13559489,62.01699829,46627102,80.289,134.102,8.44,78.6902439,88.42826,81.37208,66.14679627,14.64034341,320742673,81.671,77774000
US North Dakota,8.465306507,35.06373087,798222000,27.72614113,56803.47061,5.4,88.2,14.3,99.96955086,83,87,3.3,9524.35059,11.13559489,62.01699829,46627102,80.289,134.102,8.44,78.6902439,88.42826,81.37208,66.14679627,14.64034341,320742673,81.671,77774000
US Ohio,8.465306507,35.06373087,798222000,27.72614113,56803.47061,5.4,88.2,14.3,99.96955086,83,87,3.3,9524.35059,11.13559489,62.01699829,46627102,80.289,134.102,8.44,78.6902439,88.42826,81.37208,66.14679627,14.64034341,320742673,81.671,77774000
US Oklahoma,8.465306507,35.06373087,798222000,27.72614113,56803.47061,5.4,88.2,14.3,99.96955086,83,87,3.3,9524.35059,11.13559489,62.01699829,46627102,80.289,134.102,8.44,78.6902439,88.42826,81.37208,66.14679627,14.64034341,320742673,81.671,77774000
US Oregon,8.465306507,35.06373087,798222000,27.72614113,56803.47061,5.4,88.2,14.3,99.96955086,83,87,3.3,9524.35059,11.13559489,62.01699829,46627102,80.289,134.102,8.44,78.6902439,88.42826,81.37208,66.14679627,14.64034341,320742673,81.671,77774000
US Pennsylvania,8.465306507,35.06373087,798222000,27.72614113,56803.47061,5.4,88.2,14.3,99.96955086,83,87,3.3,9524.35059,11.13559489,62.01699829,46627102,80.289,134.102,8.44,78.6902439,88.42826,81.37208,66.14679627,14.64034341,320742673,81.671,77774000
US Puerto Rico,8.465306507,35.06373087,798222000,27.72614113,56803.47061,5.4,88.2,14.3,99.96955086,83,87,3.3,9524.35059,11.13559489,62.01699829,46627102,80.289,134.102,8.44,78.6902439,88.42826,81.37208,66.14679627,14.64034341,320742673,81.671,77774000
US Rhode Island,8.465306507,35.06373087,798222000,27.72614113,56803.47061,5.4,88.2,14.3,99.96955086,83,87,3.3,9524.35059,11.13559489,62.01699829,46627102,80.289,134.102,8.44,78.6902439,88.42826,81.37208,66.14679627,14.64034341,320742673,81.671,77774000
US South Carolina,8.465306507,35.06373087,798222000,27.72614113,56803.47061,5.4,88.2,14.3,99.96955086,83,87,3.3,9524.35059,11.13559489,62.01699829,46627102,80.289,134.102,8.44,78.6902439,88.42826,81.37208,66.14679627,14.64034341,320742673,81.671,77774000
US South Dakota,8.465306507,35.06373087,798222000,27.72614113,56803.47061,5.4,88.2,14.3,99.96955086,83,87,3.3,9524.35059,11.13559489,62.01699829,46627102,80.289,134.102,8.44,78.6902439,88.42826,81.37208,66.14679627,14.64034341,320742673,81.671,77774000
US Tennessee,8.465306507,35.06373087,798222000,27.72614113,56803.47061,5.4,88.2,14.3,99.96955086,83,87,3.3,9524.35059,11.13559489,62.01699829,46627102,80.289,134.102,8.44,78.6902439,88.42826,81.37208,66.14679627,14.64034341,320742673,81.671,77774000
US Texas,8.465306507,35.06373087,798222000,27.72614113,56803.47061,5.4,88.2,14.3,99.96955086,83,87,3.3,9524.35059,11.13559489,62.01699829,46627102,80.289,134.102,8.44,78.6902439,88.42826,81.37208,66.14679627,14.64034341,320742673,81.671,77774000
US Utah,8.465306507,35.06373087,798222000,27.72614113,56803.47061,5.4,88.2,14.3,99.96955086,83,87,3.3,9524.35059,11.13559489,62.01699829,46627102,80.289,134.102,8.44,78.6902439,88.42826,81.37208,66.14679627,14.64034341,320742673,81.671,77774000
US Vermont,8.465306507,35.06373087,798222000,27.72614113,56803.47061,5.4,88.2,14.3,99.96955086,83,87,3.3,9524.35059,11.13559489,62.01699829,46627102,80.289,134.102,8.44,78.6902439,88.42826,81.37208,66.14679627,14.64034341,320742673,81.671,77774000
US Virgin Islands,8.465306507,35.06373087,798222000,27.72614113,56803.47061,5.4,88.2,14.3,99.96955086,83,87,3.3,9524.35059,11.13559489,62.01699829,46627102,80.289,134.102,8.44,78.6902439,88.42826,81.37208,66.14679627,14.64034341,320742673,81.671,77774000
US Virginia,8.465306507,35.06373087,798222000,27.72614113,56803.47061,5.4,88.2,14.3,99.96955086,83,87,3.3,9524.35059,11.13559489,62.01699829,46627102,80.289,134.102,8.44,78.6902439,88.42826,81.37208,66.14679627,14.64034341,320742673,81.671,77774000
US Washington,8.465306507,35.06373087,798222000,27.72614113,56803.47061,5.4,88.2,14.3,99.96955086,83,87,3.3,9524.35059,11.13559489,62.01699829,46627102,80.289,134.102,8.44,78.6902439,88.42826,81.37208,66.14679627,14.64034341,320742673,81.671,77774000
US West Virginia,8.465306507,35.06373087,798222000,27.72614113,56803.47061,5.4,88.2,14.3,99.96955086,83,87,3.3,9524.35059,11.13559489,62.01699829,46627102,80.289,134.102,8.44,78.6902439,88.42826,81.37208,66.14679627,14.64034341,320742673,81.671,77774000
US Wisconsin,8.465306507,35.06373087,798222000,27.72614113,56803.47061,5.4,88.2,14.3,99.96955086,83,87,3.3,9524.35059,11.13559489,62.01699829,46627102,80.289,134.102,8.44,78.6902439,88.42826,81.37208,66.14679627,14.64034341,320742673,81.671,77774000
US Wyoming,8.465306507,35.06373087,798222000,27.72614113,56803.47061,5.4,88.2,14.3,99.96955086,83,87,3.3,9524.35059,11.13559489,62.01699829,46627102,80.289,134.102,8.44,78.6902439,88.42826,81.37208,66.14679627,14.64034341,320742673,81.671,77774000
Uganda,100,200.2038201,41812,47.6644213,1779.20753,55.7,31.9,21.9,19.15095459,75,52,202,119.9585244,40.70306305,71.01399994,749471,271.842,351.601,8.874,59.575,59.70856,50.67345,49.59758993,2.174678857,40144870,22.06,1303000
Ukraine,100,77.94719225,4620530,107.8066163,7972.434896,3.7,90.9,25.9,95.93784236,75,74,91,530.5142464,53.97620882,54.58499908,4834898,85.92,234.554,14.9,71.1895122,83.57387,60.4007,69.05333288,15.88671464,45154029,69.061,12428000
United Arab Emirates,100,128.8975218,84343562,175.2213076,71095.04519,6.6,75.7,17,99.97720052,85,87,0.79,2518.953468,17.78964985,84.13800049,8095126,56.639,80.514,1.555,77.101,87.51007,84.12873,85.19160718,1.021858357,9154302,85.674,1909000
United Kingdom Bermuda,71.9634942,269.2053941,131512994,56.23916377,42042.91932,8,88.6,11.2,99.11270947,79,89,10,4087.728534,14.9341054,62.24000168,8543120,54.153,84.738,9.2,80.95609756,91.5829,87.41811,64.29381098,18.12151552,65128861,82.626,34436000
United Kingdom Cayman Islands,71.9634942,269.2053941,131512994,56.23916377,42042.91932,8,88.6,11.2,99.11270947,79,89,10,4087.728534,14.9341054,62.24000168,8543120,54.153,84.738,9.2,80.95609756,91.5829,87.41811,64.29381098,18.12151552,65128861,82.626,34436000
United Kingdom Channel Islands,71.9634942,269.2053941,131512994,56.23916377,42042.91932,8,88.6,11.2,99.11270947,79,89,10,4087.728534,14.9341054,62.24000168,8543120,54.153,84.738,9.2,80.95609756,91.5829,87.41811,64.29381098,18.12151552,65128861,82.626,34436000
United Kingdom Gibraltar,71.9634942,269.2053941,131512994,56.23916377,42042.91932,8,88.6,11.2,99.11270947,79,89,10,4087.728534,14.9341054,62.24000168,8543120,54.153,84.738,9.2,80.95609756,91.5829,87.41811,64.29381098,18.12151552,65128861,82.626,34436000
United Kingdom Isle of Man,71.9634942,269.2053941,131512994,56.23916377,42042.91932,8,88.6,11.2,99.11270947,79,89,10,4087.728534,14.9341054,62.24000168,8543120,54.153,84.738,9.2,80.95609756,91.5829,87.41811,64.29381098,18.12151552,65128861,82.626,34436000
United Kingdom Montserrat,71.9634942,269.2053941,131512994,56.23916377,42042.91932,8,88.6,11.2,99.11270947,79,89,10,4087.728534,14.9341054,62.24000168,8543120,54.153,84.738,9.2,80.95609756,91.5829,87.41811,64.29381098,18.12151552,65128861,82.626,34436000
United Kingdom,71.9634942,269.2053941,131512994,56.23916377,42042.91932,8,88.6,11.2,99.11270947,79,89,10,4087.728534,14.9341054,62.24000168,8543120,54.153,84.738,9.2,80.95609756,91.5829,87.41811,64.29381098,18.12151552,65128861,82.626,34436000
Uruguay,26.44415702,19.60662781,131512994,45.32824081,21179.66318,7.2,85.5,17.1,95.6749109,77,87,30,1902.352379,16.9207073,64.94799805,71799,76.364,135.006,9.352,77.341,87.14542,78.44489,64.15044854,14.43460568,3431552,95.045,2773000
Uzbekistan,100,73.57522332,2486673,49.32409843,6087.759799,11,83,24.8,100,89,66,79,373.8572391,48.4617076,65.17700195,1170899,102.609,181.017,4.9,71.192,80.74213,69.30365,67.71381967,4.231518309,31298900,50.75,1918000
Venezuela,99.99508316,35.32127884,7086072,53.9379181,14306.62229,11.5,69.1,18.2,94.93438957,83,80,29,939.9970109,28.24469172,63.85400009,1404448,89.998,193.11,5.567,74.367,84.54555,71.9725,65.55031989,6.257527251,31155134,88.154,789000
Vietnam,100,301.7756216,29944771,178.7674147,5932.498479,12,76.6,17.3,78.23744781,92,79,137,334.3622215,43.47938613,77.84500122,72793,66.435,182.659,5.806,76.052,87.88859,72.77265,70.16173193,6.744547732,93571567,33.809,7944000
Zambia,100,21.65833143,203617,79.86515513,3873.793061,61.6,28.3,18,31.11180988,85,58,391,171.3047771,12.24053941,75.23300171,127915,255.312,350.332,7.998,61.397,62.59513,51.9836,52.11981402,2.50209511,16100587,41.907,932000
Zimbabwe,100,40.78441515,370165,56.74881111,2346.222127,56.5,31.7,19.4,38.58861882,81,71,242,185.7960257,25.78641758,83.21099854,398866,339.493,396.789,8.402,60.398,55.99678,48.79449,55.70584881,2.823592987,15777451,32.385,2057000
